Activity ID,Activity Date,Max Heart Rate,Max Grade,Average Grade,Average Cadence,Average Heart Rate,Distance (mi),Moving Time (min),Max Speed (mph),Average Speed (mph),Grade Adjusted Distance (mi),Elevation Gain (ft),Elevation Loss (ft),Elevation Low (ft),Elevation High (ft),Rounded Time,Hour of Day,Rest Hours
8955237821,2023-01-26 19:56:39,187.0,7.370568752288818,-0.3069626986980438,85.6416015625,170.01170349121094,4.996892479801118,37.13333333333333,11.667214029312134,8.079084491491319,5.033064136303605,204.80001399230957,702.134,264.1205,394.37618998718267,2023-01-26 20:00:00,20,
8955238078,2023-01-28 10:35:15,201.0,18.24141311645508,-0.1151131242513656,83.78279113769531,173.62921142578125,8.098197638284649,68.41666666666667,17.09033089542389,7.100995401620866,8.47134890654133,745.6611690216065,1125.383,291.3528100128174,951.1618799743653,2023-01-28 11:00:00,11,38.64333333333333
8955237968,2023-01-31 20:23:27,182.0,7.689279079437256,-0.2767658233642578,88.92797088623047,161.68035888671875,3.9962709757613424,30.066666666666666,10.451712920665742,7.9751163315773015,4.034679804032008,182.88294550704956,593.861,285.7750949935913,394.37618998718267,2023-01-31 20:00:00,20,81.80333333333333
8955237975,2023-02-01 19:47:53,189.0,6.325907707214356,-0.6814979314804077,87.57380676269531,163.03179931640625,3.1013051584835303,21.983333333333334,10.741349823474884,8.461270160913468,3.087010565568676,62.667101251602176,488.869,263.7924050064087,385.51750000000004,2023-02-01 20:00:00,20,23.407222222222224
8955237999,2023-02-07 18:42:10,202.0,4.724409580230713,-0.0622168853878974,83.93576049804688,177.6695098876953,3.0950901180857677,21.533333333333335,10.255404531002045,8.626942298650741,3.1201366095012433,87.79956075096132,229.67000000000002,285.447,384.86131001281734,2023-02-07 19:00:00,19,142.90472222222223
8955237942,2023-02-09 19:57:00,197.0,5.850584506988525,-0.0421467535197734,84.26441192626953,182.98385620117188,3.0950901180857677,21.683333333333334,10.820683433055878,8.567297555685045,3.156308266003729,191.9385,738.225,253.29318998718261,394.37618998718267,2023-02-09 20:00:00,20,49.24722222222222
8955237935,2023-02-21 19:32:51,150.0,6.704595565795898,-0.4241268634796142,81.63106536865234,118.13323974609376,4.4934742075823495,34.38333333333333,14.45420947265625,7.848909928560257,4.530267368124611,180.91433799743652,656.2,279.54118998718263,394.70431001281736,2023-02-21 20:00:00,20,287.5975
8955238006,2023-02-22 16:35:41,199.0,15.808147430419922,-0.2683619558811188,82.3966064453125,181.6220550537109,8.495960223741454,66.46666666666667,24.56229524326325,7.671070118188858,8.822809441034805,696.765678024292,1542.0700000000002,268.3858100128174,951.49,2023-02-22 17:00:00,17,21.04722222222222
8955237972,2023-02-25 11:08:56,205.0,7.343587875366211,-0.3278349339962005,82.338134765625,173.1909637451172,13.095090118085768,99.73333333333333,13.57856051683426,7.879473645925522,13.10087059120572,253.42443299102786,1768.459,16.405,265.4329050064087,2023-02-25 11:00:00,11,66.55416666666667
8955238916,2023-03-01 08:02:23,194.0,4.65251350402832,0.2759767174720764,86.67784118652344,161.4703369140625,1.8645121193287757,11.65,13.709088593006134,9.624860524177551,1.9737103487705872,171.06039899444582,91.86800000000001,285.1189050064087,315.6321899871827,2023-03-01 08:00:00,8,92.89083333333333
8955239346,2023-03-08 18:09:10,191.0,32.18595886230469,-0.5470064282417297,82.43950653076172,166.26907348632812,7.998756991920447,62.45,11.820272620201111,7.683560462951659,8.256370416407707,571.973481842041,1161.4740000000002,285.7750949935913,943.6156200256348,2023-03-08 18:00:00,18,178.11305555555555
8955240377,2023-03-09 15:34:25,195.0,5.5376296043396,-0.4523972570896148,83.05229949951172,176.88914489746094,3.9962709757613424,29.016666666666666,11.41765673828125,8.26495057106018,3.975636920253263,30.283628498077395,272.32300000000004,277.9006899871826,396.6729050064087,2023-03-09 16:00:00,16,21.420833333333334
8955242054,2023-03-11 16:36:48,180.0,7.760669708251953,-0.043139100074768,81.83548736572266,156.47772216796875,4.176507147296458,37.583333333333336,15.800723999023438,6.66877955198288,4.210068365444376,156.17794800567628,479.026,267.4015,396.6729050064087,2023-03-11 17:00:00,17,49.039722222222224
8955243686,2023-03-12 17:58:43,201.0,11.028997421264648,-0.08058562874794,84.17327880859375,181.23989868164065,6.246115599751399,43.333333333333336,14.062352172851563,8.64808772325516,6.377501796535116,391.1389459991455,931.8040000000001,291.3528100128174,621.7495,2023-03-12 18:00:00,18,25.365277777777777
8955246443,2023-03-13 18:00:02,199.0,18.67147254943848,-0.0015071907546371,82.76129913330078,166.8031768798828,8.24735860783095,68.71666666666667,11.310175452232361,7.19970000576973,8.665568918971411,803.5989350128174,1341.929,276.9164050064087,951.49,2023-03-13 18:00:00,18,24.021944444444443
8955246618,2023-03-15 14:50:49,198.0,5.412373065948486,0.1847638338804245,83.67906188964844,179.64382934570312,1.1746426351771286,8.516666666666667,12.633438385009766,8.292703574180603,1.1898073489211078,41.668699374198916,65.62,354.0199050064087,396.6729050064087,2023-03-15 15:00:00,15,44.84638888888889
8955247966,2023-03-15 15:02:21,178.0,5.524852275848389,0.3695779144763946,93.10993957519533,150.46327209472656,1.5972653822249845,8.216666666666667,16.986285400867462,11.663708903312683,1.8392789946201056,267.84952351379394,26.248,365.5034050064087,396.6729050064087,2023-03-15 15:00:00,15,0.1922222222222222
8955249237,2023-03-17 21:33:36,174.0,8.847270011901855,-0.0309939607977867,83.50129699707031,156.2996826171875,4.008701056556868,32.31666666666667,23.496896942138676,7.444595351219178,4.0489743969468615,173.5758314933777,262.48,284.7908100128174,396.6729050064087,2023-03-17 22:00:00,22,54.520833333333336
8955251864,2023-03-18 13:20:19,203.0,23.58577537536621,-0.0629478693008422,84.15709686279297,178.80459594726562,7.992541951522685,58.78333333333333,12.102246459960938,8.16139681816101,8.408700813781852,775.917450012207,1345.21,287.7436899871826,951.1618799743653,2023-03-18 13:00:00,13,15.778611111111111
8955252796,2023-03-20 13:50:06,201.0,8.170665740966797,0.0870672464370727,83.76797485351562,183.63873291015625,3.9962709757613424,25.666666666666668,12.935455230712892,9.342831216812135,4.050341827221877,203.86988583755493,387.158,277.2445,396.6729050064087,2023-03-20 14:00:00,14,48.49638888888889
8955255124,2023-03-21 16:38:25,182.0,9.891194343566896,-0.0546775944530963,82.44989776611328,163.39895629882812,4.201367308887508,32.15,10.96629976463318,7.847405369758606,4.256929709349752,191.80088634109498,830.0930000000001,264.1205,356.3165949935913,2023-03-21 17:00:00,17,26.80527777777778
8955257076,2023-03-22 17:53:59,193.0,9.463722229003906,-0.2779973745346069,85.36722564697266,172.26853942871094,3.9962709757613424,28.016666666666666,12.992513263225556,8.568614911317825,4.022684897451834,133.09922999572754,334.66200000000003,255.5899050064087,356.3165949935913,2023-03-22 18:00:00,18,25.259444444444444
8955257894,2023-03-29 16:10:33,206.0,1.352722406387329,0.0093151498585939,84.27123260498047,185.0986328125,2.0012430080795527,12.166666666666666,12.319474670410157,9.86903105735779,2.0034182722187697,0.0,259.199,257.55850000000004,259.85518998718265,2023-03-29 16:00:00,16,166.2761111111111
8955260111,2023-04-03 16:24:59,189.0,16.049816131591797,-0.5472806096076965,81.34781646728516,167.4081268310547,8.29707893101305,62.38333333333333,11.651951904296876,7.982767127752305,8.527595022141082,550.2474203643799,1302.557,276.9164050064087,951.8181200256348,2023-04-03 16:00:00,16,120.24055555555556
8955262087,2023-04-04 18:43:21,198.0,7.597363948822021,0.0525805950164794,81.71211242675781,182.5750274658203,6.146674953387198,45.0,11.493707092285156,8.193700298309327,6.205966681556867,276.8414090042114,616.828,284.7908100128174,385.51750000000004,2023-04-04 19:00:00,19,26.30611111111111
8955264923,2023-04-05 16:26:21,182.0,49.01129150390625,-0.0911575779318809,82.78598022460938,159.19064331054688,8.999378495960224,74.16666666666667,12.223607447624207,7.2792581524848945,9.67737749572716,1009.6385357971192,1860.327,265.761,1092.2448799743652,2023-04-05 16:00:00,16,21.716666666666665
8955267459,2023-04-07 12:31:05,200.0,19.142690658569336,-0.0424628779292106,82.45341491699219,167.0015106201172,8.191423244251087,66.78333333333333,15.13955760717392,7.362499028205872,8.60248625893412,799.8581965026856,1463.326,276.9164050064087,951.49,2023-04-07 13:00:00,13,44.07888888888889
8955268317,2023-04-08 17:34:49,192.0,8.051980018615723,0.1097747832536697,82.1511001586914,170.85133361816406,2.8278433809819763,20.516666666666666,10.509421630859375,8.277045709133148,2.8604101319724986,114.01475,236.232,291.3528100128174,385.51750000000004,2023-04-08 18:00:00,18,29.06222222222222
8955270981,2023-04-09 15:20:28,199.0,16.566633224487305,0.0314155258238315,82.88177490234375,162.47506713867188,7.513983840894966,59.916666666666664,18.052561583518983,7.52673060822487,7.939278933926352,786.2186365356446,1259.904,279.8693100128174,936.0692599487305,2023-04-09 15:00:00,15,21.760833333333334
8955273018,2023-04-10 18:07:45,198.0,1.4705908298492432,-0.0030258682090789,84.6513671875,176.90089416503906,6.159105034182723,46.233333333333334,13.216213049888612,7.995226538658143,6.170789188743008,102.1229460811615,679.167,289.7123100128174,309.0701899871827,2023-04-10 18:00:00,18,26.788055555555555
8955275507,2023-04-12 06:03:27,183.0,17.856781005859375,-0.0653291419148445,84.6822280883789,163.95382690429688,8.272218769422002,65.2,16.84449313402176,7.615166771888733,8.671783959369174,763.2224491729737,1246.78,276.9164050064087,934.7568799743652,2023-04-12 06:00:00,6,35.928333333333335
8955278136,2023-04-12 17:40:43,186.0,15.542784690856934,-0.0165046211332082,83.8259048461914,161.59201049804688,8.284648850217527,69.01666666666667,10.96769392156601,7.200752290248871,8.687756127641391,857.9585706481934,1443.64,276.9164050064087,1025.9687400512696,2023-04-12 18:00:00,18,11.62111111111111
8955280441,2023-04-16 16:02:28,196.0,44.56510162353516,-0.2470338642597198,85.23737335205078,177.43951416015625,8.098197638284649,59.96666666666667,33.532608154296874,8.104088648080825,8.49347420758235,1040.661348022461,2897.123,285.447,950.1776200256348,2023-04-16 16:00:00,16,94.3625
8955282018,2023-04-17 17:41:29,188.0,1.4076569080352783,-0.0045332079753279,85.09085083007812,162.06320190429688,4.10814170292107,30.55,12.680884521484376,8.076424179792404,4.118582849401802,67.69588233184815,331.38100000000003,291.3528100128174,309.0701899871827,2023-04-17 18:00:00,18,25.650277777777777
8955283653,2023-04-23 17:58:01,196.0,7.55230712890625,-0.035758763551712,82.89929962158203,173.08094787597656,3.9962709757613424,26.133333333333333,12.040668884277345,9.176251330375672,4.029521441889372,148.30120250320437,354.348,279.2130949935913,396.6729050064087,2023-04-23 18:00:00,18,144.27555555555557
8955284432,2023-04-24 17:46:02,180.0,1.4803849458694458,0.0970593467354774,82.45783233642578,151.4592742919922,2.622747047855811,19.216666666666665,11.990333098888398,8.195645931243897,2.6331262867075824,49.01813862323761,239.513,291.3528100128174,309.7264050064087,2023-04-24 18:00:00,18,23.80027777777778
8967390765,2023-04-26 17:45:26,204.0,15.63089370727539,0.0271872747689485,84.14192962646484,172.15208435058594,7.998756991920447,56.95,13.108787231445312,8.427977864027024,8.418458548593847,792.3161920013428,1184.441,277.57259499359134,937.3817400512696,2023-04-26 18:00:00,18,47.99
8974169079,2023-04-28 13:13:05,196.0,19.194002151489254,0.028998402878642,83.28715515136719,160.89013671875,7.501553760099441,58.166666666666664,11.6546826171875,7.736321356058122,7.936109506098508,807.1888804931641,1328.805,280.1974050064087,949.1932599487305,2023-04-28 13:00:00,13,43.46083333333333
8987524777,2023-04-30 16:39:03,191.0,16.808486938476562,-0.0007721715373918,84.15886688232422,163.5423126220703,8.048477315102549,55.5,14.030402832031251,8.699773931503296,8.468552138362337,803.0277538452148,1184.441,281.5098100128174,951.8181200256348,2023-04-30 17:00:00,17,51.43277777777778
8993817030,2023-05-01 16:40:28,174.0,11.33030891418457,0.0020686332136392,83.923828125,150.6847686767578,6.003729024238658,39.28333333333333,11.733054077148438,9.175989992618561,6.11236780900404,339.51944300079344,748.068,278.885,543.9898100128174,2023-05-01 17:00:00,17,24.023611111111112
9030420465,2023-05-04 08:42:20,170.0,17.395376205444336,0.4923629462718963,82.73877716064453,148.40452575683594,3.9962709757613424,29.433333333333334,12.20847119140625,8.155473517894745,4.19229328921302,364.5211726531983,469.183,277.9006899871826,601.0791899871826,2023-05-04 09:00:00,9,64.03111111111112
9030421730,2023-05-04 16:37:07,164.0,44.54955673217773,-0.1336075961589813,84.04888916015625,152.18284606933594,3.9962709757613424,29.533333333333335,13.49877249956131,8.125864483356477,4.074021191831106,212.9790839996338,593.861,355.33231001281735,555.8013799743652,2023-05-04 17:00:00,17,7.913055555555555
9030423977,2023-05-06 17:30:51,192.0,17.66147232055664,-0.0023307905066758,84.61054229736328,170.3220672607422,7.998756991920447,56.78333333333333,13.10895150089264,8.451073188304902,8.417588807100683,789.4683464813232,1250.0610000000001,282.166,936.0692599487305,2023-05-06 18:00:00,18,48.89555555555555
9073098589,2023-05-08 17:26:38,185.0,7.567166328430176,0.0015540232416242,83.42969512939453,160.58909606933594,3.9962709757613424,29.616666666666667,12.247588653564454,8.100672056913377,4.033996392363269,158.06399983596802,400.28200000000004,276.9164050064087,396.6729050064087,2023-05-08 17:00:00,17,47.929722222222225
9073099348,2023-05-10 06:34:13,175.0,13.938855171203612,0.1180259063839912,85.16515350341797,155.589599609375,5.003107520198882,35.31666666666667,11.001496093750001,8.497306504249574,5.157862026103169,379.08829499053957,643.076,278.2288100128174,555.8013799743652,2023-05-10 07:00:00,7,37.12638888888889
9073100208,2023-05-11 18:07:17,183.0,8.123332977294922,-0.0049740229733288,82.33453369140625,166.48422241210938,4.996892479801118,37.03333333333333,9.654927166461945,8.096067712306978,5.055873152482132,218.9723810043335,574.1750000000001,276.9164050064087,438.9978100128174,2023-05-11 18:00:00,18,35.55111111111111
9079358548,2023-05-15 18:31:12,181.0,1.4049876928329468,0.0,83.49337005615234,157.91690063476562,2.9956494717215665,17.65,13.213191132068635,10.190073291778566,3.002858979276725,51.76324324989319,216.54600000000002,291.3528100128174,309.3983100128174,2023-05-15 19:00:00,19,96.39861111111111
9116849157,2023-05-18 17:38:14,187.0,11.50429630279541,0.0331754758954048,83.10083770751953,162.44285583496094,2.9956494717215665,19.9,19.12635042667389,9.035756152153015,3.0526415135565568,171.46591809844972,249.35600000000002,269.04200000000003,357.629,2023-05-18 18:00:00,18,71.11722222222222
9116849485,2023-05-20 20:34:25,187.0,15.62497329711914,-0.0260665211826562,82.23088836669922,163.78668212890625,3.0950901180857677,22.15,12.534700713634491,8.394624766111376,3.1549408357287136,182.7653699989319,308.414,269.04200000000003,358.28518998718266,2023-05-20 21:00:00,21,50.93638888888889
9116850141,2023-05-21 17:03:23,195.0,32.979793548583984,0.0530378222465515,83.60529327392578,170.7164306640625,7.495338719701678,55.53333333333333,21.17543684577942,8.101310467720031,7.950528521208825,800.2814883575439,1551.913,270.6825,938.0378799743653,2023-05-21 17:00:00,17,20.482777777777777
9166933137,2023-05-22 16:37:05,180.0,21.106687545776367,-0.5898998379707336,85.36978912353516,160.69166564941406,2.802983219390926,16.0,13.690483478069305,10.507469597816467,2.9405841531036354,220.15456932067872,305.13300000000004,302.1800949935913,543.9898100128174,2023-05-22 17:00:00,17,23.561666666666667
9166933606,2023-05-24 17:14:05,174.0,25.656618118286133,0.2383158057928085,84.64044952392578,151.56640625,2.9956494717215665,20.833333333333332,34.9259736070633,8.635768048048021,3.191858418466439,267.2210439987183,341.224,277.57259499359134,396.6729050064087,2023-05-24 17:00:00,17,48.61666666666667
9166934625,2023-05-29 18:00:38,198.0,16.190942764282227,-0.4714354872703552,83.1806640625,176.1266632080078,7.501553760099441,51.3,12.116173095703125,8.771772483587265,7.786637784532318,597.8731859893799,1003.986,288.0718100128174,937.3817400512696,2023-05-29 18:00:00,18,120.77583333333334
9278441946,2023-05-30 18:39:57,189.0,42.53487396240234,0.1658451706171035,83.45415496826172,166.02862548828125,2.5481665630826598,15.716666666666667,13.89495947265625,9.726584912776948,2.728402734617775,271.46993299102786,288.728,365.17531001281736,583.0336899871827,2023-05-30 19:00:00,19,24.655277777777776
9278443877,2023-06-01 18:16:52,191.0,16.17693519592285,-0.0048744068481028,82.51438903808594,166.58082580566406,7.650714729645743,58.05,13.76606982421875,7.905730090379715,8.057178371659417,770.3957316741943,1046.6390000000001,292.33709499359134,936.3973799743653,2023-06-01 18:00:00,18,47.61527777777778
9278444788,2023-06-14 16:31:03,202.0,8.022163391113281,-0.0560647659003734,82.05643463134766,180.56431579589844,3.6544437538844003,27.466666666666665,15.778286285877229,7.989741112470627,3.688750898267558,131.93994599914552,400.28200000000004,292.009,396.6729050064087,2023-06-14 17:00:00,17,310.2363888888889
9278447057,2023-06-15 16:25:11,203.0,42.85921478271485,0.1492253243923187,82.99537658691406,179.52732849121094,6.494717215661901,47.1,11.652088439941407,8.275150743722916,7.002921190374456,809.0188229980469,1148.3500000000001,259.85518998718265,937.7097599487305,2023-06-15 16:00:00,16,23.90222222222222
9315922693,2023-06-16 15:20:06,194.0,49.25076675415039,0.3565793335437774,84.1141586303711,165.8123016357422,6.028589185829707,48.333333333333336,24.49067589759827,7.4849331007003785,6.579303672700434,789.317603515625,1026.953,282.166,934.1007400512696,2023-06-16 15:00:00,15,22.915277777777778
9315924046,2023-06-19 16:52:45,202.0,12.776753425598145,-0.0368364825844764,82.16986846923828,183.76150512695312,4.045991298943443,27.85,11.887558025836945,8.722131109952928,4.076942078736793,124.48113549423216,475.745,252.96509499359132,325.47518998718266,2023-06-19 17:00:00,17,73.54416666666667
9315925697,2023-06-20 14:48:33,199.0,40.06547546386719,-0.0339802466332912,83.01925659179688,182.4895172119141,4.021131137352393,28.583333333333332,11.364134765625,8.44496801829338,4.063207082232753,145.28267599487307,374.034,252.96509499359132,326.1314050064087,2023-06-20 15:00:00,15,21.93
9316365957,2023-06-22 13:34:16,197.0,42.843711853027344,0.3281112015247345,82.49446105957031,167.96636962890625,5.015537600994406,37.65,10.04858609676361,7.997874050140381,5.222125786591051,411.61237899017334,580.7370000000001,256.57418998718265,483.61937997436524,2023-06-22 14:00:00,14,46.761944444444445
9321557157,2023-06-23 13:03:57,,47.40995788574219,-0.0232974234968423,,,3.9962709757613424,27.5,20.723597730636595,8.729018159866333,4.038781791388285,145.83479526138305,150.75629526138306,252.96509499359132,326.1314050064087,2023-06-23 13:00:00,13,23.494722222222222
9346854190,2023-06-24 10:55:18,189.0,41.87996292114258,0.2532067894935608,84.88538360595703,165.69677734375,3.0142945929148537,21.75,9.734718383789064,8.326936153650284,3.0447482908638905,126.58226264190674,374.034,253.29318998718261,325.80331001281735,2023-06-24 11:00:00,11,21.855833333333333
9346855611,2023-06-27 14:03:31,164.0,29.966670989990234,0.0108310673385858,84.61204528808594,156.7445831298828,4.0149160969546305,27.783333333333335,11.55783297777176,8.672756407499314,4.041702981762741,129.1237534980774,462.62100000000004,252.3089050064087,324.1628100128174,2023-06-27 14:00:00,14,75.13694444444444
9364413447,2023-06-30 12:53:21,205.0,38.26606750488281,-0.0012403608998283,83.54151153564453,189.07212829589844,5.009322560596644,35.35,12.894207599163057,8.503099135637283,5.097576134244872,262.93933799743655,748.068,232.6229050064087,391.42331001281735,2023-06-30 13:00:00,13,70.83055555555556
9414830389,2023-07-08 15:47:26,209.0,8.598358154296875,0.1406174153089523,82.563720703125,176.15121459960938,4.021131137352393,28.383333333333333,11.176043048381805,8.500678828001023,4.049658112084369,82.33435225105286,390.439,8.2025,60.37039874839784,2023-07-08 16:00:00,16,194.9013888888889
9421205117,2023-07-09 13:44:25,200.0,8.302927017211914,-0.15845887362957,83.57963562011719,178.95533752441406,6.034804226227471,42.38333333333333,17.288279846191408,8.549167115449906,6.057861783328154,103.59210800170898,1059.7630000000001,3.609100078225136,60.37039874839784,2023-07-09 14:00:00,14,21.94972222222222
9472352424,2023-07-13 16:32:28,186.0,3.1982924938201904,0.0216110087931156,81.86095428466797,165.13999938964844,2.013673088875078,15.016666666666667,11.335189208984376,8.04200279712677,2.017464324211467,37.230236458778386,121.397,278.5569050064087,318.257,2023-07-13 17:00:00,17,98.80083333333333
9472353750,2023-07-16 14:08:34,200.0,9.91017723083496,-0.0185594409704208,82.78888702392578,179.95394897460938,5.021752641392169,37.3,14.178079998493196,8.078528748750687,5.082535615094779,222.41899300384523,606.985,282.82218998718264,447.85650000000004,2023-07-16 14:00:00,14,69.60166666666667
9479442383,2023-07-18 18:50:34,207.0,17.065584182739258,0.0300521925091743,82.86646270751953,173.51287841796875,7.029210689869484,55.083333333333336,14.670263263225555,7.657681091547013,7.457365065646364,741.3258193511964,1177.8790000000001,280.1974050064087,918.0237599487305,2023-07-18 19:00:00,19,52.7
9502784835,2023-07-19 15:29:06,201.0,1.4743822813034058,0.0,85.10763549804688,186.2107086181641,3.1013051584835303,21.3,13.94775289964676,8.73378730726242,3.105780108957427,51.65387512302399,255.918,291.0246899871826,308.7420949935913,2023-07-19 15:00:00,15,20.642222222222223
9502786087,2023-07-22 14:28:08,195.0,45.33415603637695,0.0522722452878952,83.37791442871094,174.66867065429688,7.010565568676196,60.833333333333336,8.692842080831529,6.9175762968063355,7.465755370183344,799.6371134948731,1092.573,282.82218998718264,939.6783799743653,2023-07-22 14:00:00,14,70.9838888888889
9529495190,2023-07-25 16:32:34,208.0,22.64295959472656,-0.0259474571794271,82.0572280883789,180.62745666503903,6.227470478558111,51.71666666666667,9.552033691406251,7.223751079559326,6.620385453892169,682.1007554931641,1318.962,280.85359499359134,925.5701200256348,2023-07-25 17:00:00,17,74.07388888888889
9529495921,2023-07-25 21:41:27,191.0,14.974814414978027,-0.12042798101902,83.3013687133789,171.52394104003906,4.021131137352393,29.366666666666667,11.269515563964845,8.22294292664528,4.072405220633934,175.55172332763672,547.927,267.4015,358.61331001281735,2023-07-25 22:00:00,22,5.148055555555556
9551809841,2023-07-30 09:35:16,200.0,16.56081771850586,-0.0006197925540618,84.1268539428711,180.19436645507807,10.02486016159105,78.81666666666666,10.374114807128906,7.632209727048875,10.0619640741532,240.43167599487305,754.63,177.83020250320436,259.85518998718265,2023-07-30 10:00:00,10,107.89694444444444
9607393236,2023-08-02 14:25:56,183.0,16.493026733398438,-0.0259677935391664,85.84565734863281,171.1878204345703,5.021752641392169,38.68333333333333,9.704953613281251,7.794263136863709,5.11963952765693,303.0987709884643,662.7620000000001,230.9824050064087,451.13750000000005,2023-08-02 14:00:00,14,76.84444444444445
9607395182,2023-08-03 15:05:21,205.0,4.869565010070801,-0.1062937974929809,84.88963317871094,175.5621337890625,3.0950901180857677,20.0,12.546776651382446,9.29507040834427,3.099067683246582,10.52849468755722,269.04200000000003,256.2460949935913,279.8693100128174,2023-08-03 15:00:00,15,24.656944444444445
9607397494,2023-08-07 15:09:09,200.0,16.2086181640625,-0.0234805606305599,81.5740737915039,178.6153564453125,5.0279676817899315,36.95,10.567640216350556,8.164797409057618,5.168862768994717,339.9088665008546,794.0020000000001,230.9824050064087,451.13750000000005,2023-08-07 15:00:00,15,96.06333333333333
9616580876,2023-08-09 16:04:27,197.0,13.915901184082031,-0.0565849617123603,82.73534393310547,178.54824829101562,4.058421379738968,29.883333333333333,10.465963828563693,8.158050628185274,4.097203171127253,144.62648600769043,534.803,252.96509499359132,328.1,2023-08-09 16:00:00,16,48.92166666666667
9628851112,2023-08-11 13:53:52,172.0,4.863799571990967,-0.0046501825563609,83.87073516845703,164.55091857910156,4.008701056556868,25.583333333333332,11.542905791759491,9.401753814220429,4.0113114949114355,0.0,219.827,256.2460949935913,261.49568998718263,2023-08-11 14:00:00,14,45.82361111111111
9641774000,2023-08-13 10:44:56,195.0,19.64139747619629,-0.0216148104518651,83.56501007080078,173.12757873535156,8.048477315102549,60.733333333333334,11.73070523738861,7.952326612472533,8.065444254000932,160.05186950302127,682.448,177.83020250320436,276.2601899871826,2023-08-13 11:00:00,11,44.85111111111111
9693244191,2023-08-17 16:49:04,167.0,12.396538734436035,-0.0235481038689613,83.8602294921875,155.77223205566406,5.009322560596644,39.43333333333333,14.914374062061311,7.628671000480653,5.129769922117775,301.65514801025387,652.919,230.9824050064087,451.13750000000005,2023-08-17 17:00:00,17,102.06888888888889
9693245573,2023-08-19 14:19:18,200.0,16.87543296813965,-0.0305301342159509,85.72333526611328,176.791015625,4.269732753262896,30.016666666666666,16.65922066450119,8.543638488531114,4.323928026918893,149.20893949508667,754.63,252.96509499359132,328.42809499359134,2023-08-19 14:00:00,14,45.50388888888889
9695042583,2023-08-21 16:02:21,193.0,19.698387145996094,-0.0487672872841358,84.2445297241211,169.36691284179688,5.0963331261653195,35.2,12.415381360530853,8.687673460006714,5.203293728635799,288.01711499786376,623.39,230.9824050064087,451.13750000000005,2023-08-21 16:00:00,16,49.7175
9720302271,2023-08-23 16:55:43,198.0,33.6325798034668,0.2309865355491638,84.59141540527344,176.14300537109375,4.089496581727781,31.716666666666665,10.56753141450882,7.7354237408638005,4.207768679109695,290.07322201538085,669.3240000000001,230.9824050064087,451.13750000000005,2023-08-23 17:00:00,17,48.88944444444444
9724931091,2023-08-25 14:30:41,199.0,47.154090881347656,0.0198806170374155,84.39369201660156,175.36151123046875,6.252330640149161,49.45,12.336997100353242,7.584877192497253,6.522063393412057,513.5940504760742,1378.02,256.57418998718265,546.9426899871827,2023-08-25 15:00:00,15,45.58277777777778
9740834128,2023-08-27 10:44:00,194.0,3.9570372104644775,-0.0146941859275102,83.5279541015625,175.52474975585938,13.107520198881293,104.45,10.938872100353242,7.530476271629333,13.151087389294592,352.1169189987183,2444.3450000000003,94.49279749679566,275.9320949935913,2023-08-27 11:00:00,11,44.221944444444446
9779718586,2023-08-30 15:25:01,194.0,23.660724639892575,0.0276088863611221,82.15525817871094,176.5314483642578,4.052206339341206,30.016666666666666,16.982576538085937,8.097964811086655,4.09098813072949,132.76696716690066,639.7950000000001,256.57418998718265,329.08431001281735,2023-08-30 15:00:00,15,76.6836111111111
9779720118,2023-08-31 10:05:20,197.0,41.10555267333984,0.1756440997123718,84.45278930664062,168.1077117919922,4.599129894344314,38.3,10.070322998046876,7.204863293170928,4.901864572813083,664.4900120239258,990.8620000000001,341.8801899871827,1002.3455,2023-08-31 10:00:00,10,18.671944444444446
9782787394,2023-09-04 09:47:04,,20.24505043029785,-0.0620718970894813,,,2.0012430080795527,15.4,11.596572833538056,7.800617911100388,2.0121815398733682,49.70326252365113,56.265262523651124,236.56009499359132,272.9791899871826,2023-09-04 10:00:00,10,95.69555555555556
9882674253,2023-09-19 14:30:00,,13.468146324157717,0.4308050572872162,,,2.9956494717215665,22.783333333333335,11.681612139701844,7.900962543010712,3.113362276161436,245.18633742523195,176.94152741241456,316.61650000000003,516.4293799743652,2023-09-19 14:00:00,14,364.71555555555557
9901644933,2023-09-22 17:43:11,,8.639413833618164,0.2128406465053558,,,3.9962709757613424,30.45,10.495986736774444,7.881219275474549,4.073151146869173,210.52712024688722,165.57741774368287,285.7750949935913,407.5001899871827,2023-09-22 18:00:00,18,75.21972222222222
9915068716,2023-09-24 18:01:28,,28.22167587280273,0.044290903955698,,,3.505282784338098,25.783333333333335,14.759725044250489,8.162085896492005,3.571286634749845,208.9605273551941,200.7580273551941,277.2445,407.5001899871827,2023-09-24 18:00:00,18,48.304722222222225
9934663635,2023-09-27 20:41:27,,37.287723541259766,-0.467007964849472,,,2.100683654443754,15.65,10.51389957332611,8.059965767860414,2.101802392062228,66.68278546905518,118.52258296585083,255.2618100128174,334.9900949935913,2023-09-27 21:00:00,21,74.66638888888889
9940717270,2023-09-28 17:57:14,,46.62632369995117,0.0597567670047283,,,8.00497203231821,67.96666666666667,23.466129487991335,7.068420983552933,8.487508011575514,912.8440293884278,887.5802893371582,309.3983100128174,936.0692599487305,2023-09-28 18:00:00,18,21.263055555555557
9972520605,2023-10-03 18:10:14,,22.782642364501957,-0.0059833158738911,,,5.189558732131759,44.2,11.185,7.048886786222459,5.560223984229335,670.7502757720948,672.3917269897461,330.0685949935913,952.4742599487305,2023-10-03 18:00:00,18,120.21666666666667
9985361621,2023-10-05 20:38:44,188.0,35.52847671508789,0.0570796094834804,81.56151580810547,164.82415771484375,5.003107520198882,39.43333333333333,10.636855254650117,7.619528445720673,5.098757234695463,273.02404740905763,761.192,255.2618100128174,406.844,2023-10-05 21:00:00,21,50.475
10001466061,2023-10-08 07:40:39,191.0,16.018474578857422,0.163283571600914,81.46475982666016,165.36549377441406,6.047234307022996,46.68333333333333,13.75436722612381,7.776917776584626,6.1768798069453075,396.4760279846192,557.77,285.7750949935913,407.5001899871827,2023-10-08 08:00:00,8,59.03194444444444
10032431203,2023-10-10 19:05:44,174.0,6.14595890045166,-0.2229958325624466,80.76535034179688,157.8645477294922,2.0012430080795527,16.483333333333334,15.726097669124604,7.3030697555541995,2.046177780502253,47.04954050064087,331.38100000000003,320.5536899871827,389.1265949935913,2023-10-10 19:00:00,19,59.418055555555554
10022525366,2023-10-11 17:44:57,,29.412425994873047,0.0450519733130931,,,3.9962709757613424,30.2,30.557332190513613,7.946794252157211,4.084276008487414,241.93006908416749,232.41518910980224,253.29318998718261,407.5001899871827,2023-10-11 18:00:00,18,22.65361111111111
10032432165,2023-10-12 20:44:05,175.0,11.445337295532228,-0.4043436050415039,81.13494110107422,162.56039428710938,5.009322560596644,40.6,14.24012158203125,7.40381759428978,5.044561961039466,166.97360499954223,561.051,248.69981001281738,376.33068998718267,2023-10-12 21:00:00,21,26.985555555555557
10068672220,2023-10-13 17:32:59,176.0,6.920404434204102,0.3938376903533935,83.6283950805664,159.84133911132812,2.0198881292728403,15.95,9.999390597343446,7.597080599069596,2.065817217118552,104.33579749679566,180.455,341.5520949935913,407.5001899871827,2023-10-13 18:00:00,18,20.815
10070355603,2023-10-19 18:10:33,190.0,27.343870162963867,0.0830969735980033,81.39238739013672,168.38575744628906,5.083903045369794,43.63333333333333,11.596572833538056,6.992299695014954,5.462399005593536,677.1410065307617,1141.788,311.695,951.8181200256348,2023-10-19 18:00:00,18,144.62611111111113
10086023460,2023-10-22 09:17:49,169.0,7.608968734741211,-0.0062010041438043,82.2559585571289,157.67388916015625,5.009322560596644,38.46666666666667,10.226883514881134,7.815164824008942,5.068738407493009,250.79964801025392,452.778,285.7750949935913,407.5001899871827,2023-10-22 09:00:00,9,63.12111111111111
10100117326,2023-10-24 18:15:46,179.0,34.92818832397461,0.0914283543825149,81.478759765625,155.6112518310547,4.008701056556868,32.3,12.717348072052003,7.44874848818779,4.317402234501243,485.2333460083008,721.82,330.72481001281733,802.2045,2023-10-24 18:00:00,18,56.965833333333336
10120995408,2023-10-28 12:19:07,,21.49873352050781,0.0352173224091529,,,2.9956494717215665,22.816666666666666,12.840466956138611,7.887786319971085,3.025357243435364,66.92928225898743,61.351579755783085,237.2163100128174,272.32300000000004,2023-10-28 12:00:00,12,90.05583333333334
10133730484,2023-10-30 18:14:40,177.0,6.000710964202881,0.1161460280418396,81.34794616699219,142.5009002685547,2.5108763206960845,18.4,15.81565225172043,8.199557464122774,2.557302793854879,118.6315849990845,367.47200000000004,316.9445949935913,406.51590500640873,2023-10-30 18:00:00,18,53.92583333333334
10155792587,2023-11-03 16:00:07,212.0,47.47394943237305,-0.1064287349581718,82.17005157470703,178.06248474121094,7.004350528278434,58.483333333333334,10.44928514623642,7.187948340177536,7.385954008701057,698.6014780273438,964.614,346.1455,933.1163799743653,2023-11-03 16:00:00,16,93.7575
10177109323,2023-11-07 07:23:34,198.0,47.54425430297852,-0.0636469051241874,81.1887435913086,172.8299102783203,8.00497203231821,65.88333333333334,13.323967407226563,7.290808748006821,8.440646364201367,803.8672785186768,1168.036,320.5536899871827,940.9907599487306,2023-11-07 07:00:00,7,87.39083333333333
10192285285,2023-11-09 23:34:51,199.0,6.416951656341553,-0.1479375809431076,82.54429626464844,177.530029296875,3.107520198881293,22.233333333333334,11.560854895591737,8.388095588922498,3.1467993755826598,169.8765084991455,492.15000000000003,255.2618100128174,407.5001899871827,2023-11-10 00:00:00,0,64.18805555555555
10194690885,2023-11-10 08:27:28,198.0,47.708038330078125,4.832171440124512,82.9168701171875,173.024658203125,2.299564947172157,20.383333333333333,8.581101522684097,6.768068166017533,2.831447983025171,598.9309400177002,108.27300000000001,330.72481001281733,922.2891200256348,2023-11-10 08:00:00,8,8.876944444444446
10194692150,2023-11-10 09:08:02,190.0,12.378890991210938,-2.2516040802001958,83.68373107910156,169.5952606201172,5.009322560596644,40.06666666666667,10.323733154296875,7.500947771787644,4.923803544029677,171.49787150192262,1089.2920000000001,312.6793100128173,926.2262599487306,2023-11-10 09:00:00,9,0.6761111111111111
10214730830,2023-11-13 20:35:13,188.0,34.17543411254883,0.005014210473746,83.0,170.49891662597656,6.196395276569298,46.166666666666664,10.14481705904007,8.052925115346909,6.311435431556868,384.97901068115243,744.787,269.6981899871826,406.51590500640873,2023-11-13 21:00:00,21,83.45305555555555
10227073251,2023-11-15 07:35:37,188.0,25.888504028320312,0.0250491425395011,82.50902557373047,163.48724365234375,4.71100062150404,39.96666666666667,12.048451416015626,7.075832842350007,5.082287074172623,637.691957901001,816.969,331.38100000000003,944.5998799743653,2023-11-15 08:00:00,8,35.00666666666667
10232028398,2023-11-16 19:09:13,192.0,20.619178771972656,0.1835187822580337,81.10798645019531,167.7888946533203,5.009322560596644,38.2,10.720232666015626,7.8710484366416935,5.1351771286513355,345.9585857315064,495.43100000000004,248.69981001281738,407.5001899871827,2023-11-16 19:00:00,19,35.56
10241465261,2023-11-18 11:37:51,202.0,7.590881824493408,0.1644413620233535,84.05229949951172,174.77671813964844,3.0950901180857677,21.216666666666665,16.8595120549202,8.76274886417389,3.1433811033638905,120.85986241149902,246.07500000000002,252.96509499359132,295.61809499359134,2023-11-18 12:00:00,12,40.477222222222224
10254156855,2023-11-20 16:44:24,192.0,15.079394340515137,0.3903696238994598,83.15602111816406,168.74349975585938,4.008701056556868,29.516666666666666,11.199928252696992,8.154022826671602,4.140522124087166,293.0343125,423.249,230.6543100128174,451.4656200256348,2023-11-20 17:00:00,17,53.10916666666667
10274231705,2023-11-23 09:32:38,208.0,3.588764190673828,-0.0091520519927144,82.97236633300781,191.81137084960935,6.109384711000621,41.6,11.934398285388948,8.813439855575561,6.119577620027968,65.02941899871827,882.589,66.27620250320435,98.43,2023-11-23 10:00:00,10,64.80388888888889
10276175926,2023-11-24 17:05:36,179.0,6.349206447601318,-0.0549477972090244,84.92076873779297,156.27999877929688,2.4860161591050343,20.0,9.427357447624207,7.463750875473024,2.4924797404249537,62.92958100128174,301.85200000000003,228.68568998718263,275.9320949935913,2023-11-24 17:00:00,17,31.549444444444443
10293402985,2023-11-27 21:16:34,194.0,17.29407501220703,0.0663533881306648,80.75724029541016,182.9029693603516,7.302672467371038,60.0,9.37527443265915,7.304575914382936,7.484586821201057,497.03320097351076,958.052,248.69981001281738,407.5001899871827,2023-11-27 21:00:00,21,76.18277777777777
10301383148,2023-11-29 07:41:20,173.0,7.739928722381592,-0.0294671859592199,84.19913482666016,155.45069885253906,4.002486016159105,34.65,8.599014892578126,6.937874240398408,4.052392669165631,204.76668382644655,488.869,285.7750949935913,397.00100000000003,2023-11-29 08:00:00,8,34.412777777777784
10311638767,2023-12-01 07:46:46,157.0,1.5168755054473877,0.1266473531723022,85.91150665283203,142.7734832763672,2.498446239900559,15.05,12.806816253185273,9.975905399799347,2.5114978247358613,51.40020352363587,141.083,290.6965949935913,308.414,2023-12-01 08:00:00,8,48.090555555555554
10318779958,2023-12-02 14:00:43,167.0,42.41886520385742,-0.109682485461235,84.2016830444336,157.0878143310547,10.02486016159105,77.23333333333333,13.055100989341737,7.790152133941651,10.465506525792417,807.1424210205079,1456.7640000000001,255.2618100128174,937.7097599487305,2023-12-02 14:00:00,14,30.2325
10330310532,2023-12-04 21:59:20,175.0,7.72091007232666,0.1340110003948211,83.4454116821289,151.42698669433594,2.504661280298322,21.133333333333333,9.474937986373902,7.108861134767532,2.559664387818521,162.02672250747682,433.09200000000004,271.9949050064087,406.51590500640873,2023-12-04 22:00:00,22,55.97694444444444
10340652922,2023-12-06 15:03:17,207.0,1.5396469831466677,0.0240814927965402,83.28434753417969,180.29391479492188,3.0950901180857677,19.183333333333334,11.816886962890626,9.68475167131424,3.103356000427284,45.47465887355805,239.513,166.34670250320434,175.8615949935913,2023-12-06 15:00:00,15,41.06583333333333
10345940385,2023-12-07 18:51:27,170.0,43.63822937011719,-0.2961280643939972,83.3953857421875,152.9259490966797,5.077688004972032,44.28333333333333,12.27226107120514,6.880345266580582,5.128837666058111,200.98351600265505,839.936,248.69981001281738,376.00259499359134,2023-12-07 19:00:00,19,27.802777777777777
10350058919,2023-12-08 15:11:50,173.0,7.994309425354004,0.0449604019522666,85.07047271728516,156.75538635253906,4.008701056556868,34.833333333333336,9.913111803531647,6.903788863420487,4.0666253544515225,200.33004199218752,564.332,345.4893100128173,436.04487997436524,2023-12-08 15:00:00,15,20.33972222222222
10355781597,2023-12-09 17:36:51,179.0,7.739417552947998,0.1697492152452469,85.48107147216797,157.11439514160156,5.015537600994406,41.06666666666667,8.742213583230972,7.327200830698014,5.096830208009634,281.1270200042725,610.2660000000001,285.7750949935913,406.51590500640873,2023-12-09 18:00:00,18,26.416944444444443
10365800072,2023-12-11 15:00:54,197.0,8.887201309204102,0.0696519315242767,83.48400115966797,169.55462646484375,6.065879428216284,50.016666666666666,14.247206501960756,7.277390920877457,6.1606587942821625,344.09252198791506,662.7620000000001,285.7750949935913,406.51590500640873,2023-12-11 15:00:00,15,45.40083333333333
10369168925,2023-12-12 08:36:27,,9.507290840148926,0.0019960438366979,,,3.1137352392790554,26.1,8.97036411190033,7.156557408809662,3.1349907988269115,119.70463360595704,119.37656364440919,165.03429749679566,269.04200000000003,2023-12-12 09:00:00,9,17.5925
10381308970,2023-12-14 13:15:21,203.0,8.52554988861084,-0.2915772497653961,83.30986022949219,175.85116577148438,13.107520198881293,103.11666666666666,9.671335977554321,7.626185091733933,13.12032293932567,266.09730550384523,1502.698,15.420699374198914,266.08909499359135,2023-12-14 13:00:00,13,52.64833333333333
10391434088,2023-12-16 11:21:33,198.0,23.051082611083984,-0.0211125966161489,82.32896423339844,174.5308837890625,10.006215040397764,76.36666666666666,11.03839058494568,7.8622738881111145,10.43157264799565,1056.3875791320802,1663.467,254.2775,1086.6672400512696,2023-12-16 11:00:00,11,46.10333333333333
10396502128,2023-12-17 10:43:41,197.0,47.28216171264648,0.0056408196687698,81.26206970214844,178.42982482910156,5.5065257924176505,41.9,12.311896942138672,7.887302578449249,5.680546923555004,374.0996089859009,810.407,25.919900312900545,151.25409499359128,2023-12-17 11:00:00,11,23.36888888888889
10403028369,2023-12-17 20:56:50,197.0,15.223094940185549,0.0595450736582279,84.72476959228516,173.7238311767578,1.0441267868241144,6.016666666666667,14.119196868419648,10.406697758674621,1.05972652304906,28.2431133146286,705.4150000000001,339.2554050064087,368.7844050064087,2023-12-17 21:00:00,21,10.219166666666666
10412120665,2023-12-20 14:48:42,186.0,25.80670928955078,0.0894923582673072,82.792236328125,158.874267578125,4.512119328775637,34.016666666666666,12.35265283203125,7.9606840872764595,4.595836044321007,246.46872901153566,416.687,257.2304050064087,451.13750000000005,2023-12-20 15:00:00,15,65.86444444444446
10420934346,2023-12-22 10:30:11,188.0,7.225118637084961,-0.0161264520138502,85.17654418945312,162.18252563476562,5.009322560596644,38.583333333333336,12.545804901599885,7.789678525924683,5.032566750990521,124.72253200531004,620.109,218.84268998718264,276.2601899871826,2023-12-22 11:00:00,11,43.69138888888889
10432762479,2023-12-24 19:49:31,166.0,2.7781331539154053,0.0900174602866172,82.89192962646484,157.26425170898438,3.107520198881293,22.666666666666668,14.16024822998047,8.222669322013855,3.1185209417728403,37.97210800170899,219.827,255.918,294.6338100128174,2023-12-24 20:00:00,20,57.32222222222222
10441700159,2023-12-26 13:54:14,171.0,30.84442901611328,-0.0401438623666763,82.77005004882812,159.4730224609375,6.034804226227471,43.93333333333333,15.61785690355301,8.244532625436783,6.15021764780143,314.27878249359134,584.018,218.51459499359132,451.13750000000005,2023-12-26 14:00:00,14,42.07861111111111
10446458921,2023-12-27 11:10:29,165.0,11.403746604919434,-0.3631810247898102,83.38644409179688,154.1096954345703,1.1435674331883159,9.15,14.039412051200868,7.517012577056885,1.1502174960670446,23.7325659365654,501.993,236.8881899871826,276.9164050064087,2023-12-27 11:00:00,11,21.270833333333332
10459116036,2023-12-29 16:26:53,196.0,7.340741157531738,-0.1413345038890838,83.28091430664062,166.3468017578125,4.045991298943443,31.35,9.555154810905456,7.741351841211319,4.101926662523306,227.60453099823,465.90200000000004,6241.774480102539,6448.47748010254,2023-12-29 16:00:00,16,53.27333333333333
10464952708,2023-12-30 16:21:00,180.0,6.318239688873291,0.0172899272292852,83.16902923583984,164.2427215576172,2.5108763206960845,20.05,9.274593261718751,7.5284442372322085,2.5334990070501866,69.37127700042726,259.199,6234.8844602050785,6278.1935,2023-12-30 16:00:00,16,23.901944444444446
10482065651,2024-01-02 14:11:37,186.0,10.427592277526855,-0.0162381995469331,83.24517822265625,169.78500366210938,4.20758234928527,32.0,11.16249935245514,7.892590667963028,4.24462405074969,142.42820949935913,364.19100000000003,253.29318998718261,326.7875949935913,2024-01-02 14:00:00,14,69.84361111111112
10489469423,2024-01-03 16:39:51,183.0,8.554704666137695,-0.0147308707237243,81.19450378417969,162.32003784179688,7.172156619018023,57.9,9.865082190513611,7.4311609904766085,7.234058178604724,273.5041620025635,830.0930000000001,234.5915,420.9523100128174,2024-01-03 17:00:00,17,26.470555555555556
10501573027,2024-01-05 15:55:49,190.0,25.26835250854492,-0.0218470990657806,82.97148895263672,163.77134704589844,4.263517712865134,32.333333333333336,15.584542206287384,7.917019881486893,4.310752019888129,140.503358001709,370.75300000000004,253.29318998718261,325.14709499359134,2024-01-05 16:00:00,16,47.26611111111111
10514138788,2024-01-07 10:55:59,198.0,35.631160736083984,-0.0178027674555778,81.86296081542969,168.39830017089844,8.029832193909261,60.71666666666667,11.587507080078126,7.933176954984665,8.52405232772685,840.7008791198731,1355.053,284.7908100128174,938.0378799743653,2024-01-07 11:00:00,11,43.00277777777778
10528316547,2024-01-09 17:31:41,198.0,11.07007122039795,0.0173745770007371,79.8794937133789,177.80210876464844,5.003107520198882,39.45,10.122425213336944,7.615203572511675,5.156805347848042,389.5246044845581,836.6550000000001,340.56781001281735,641.4355,2024-01-09 18:00:00,18,54.595
10534942744,2024-01-10 18:54:18,188.0,11.19117259979248,-0.0185866709798574,81.32991027832031,167.29762268066406,5.015537600994406,35.766666666666666,12.00814566707611,8.412516802310943,5.136544558926352,314.0042060089111,564.332,248.0435949935913,407.5001899871827,2024-01-10 19:00:00,19,25.376944444444444
10541370730,2024-01-11 18:42:10,183.0,10.236587524414062,0.1106559559702873,81.62508392333984,164.98236083984375,3.032939714108142,25.583333333333332,10.397571204185486,7.111751317024232,3.093722687810752,195.42573900604248,462.62100000000004,271.9949050064087,389.4546899871827,2024-01-11 19:00:00,19,23.797777777777778
10546379616,2024-01-12 14:48:15,191.0,48.16439437866211,-0.0886153206229209,82.01422882080078,168.5464630126953,7.010565568676196,55.36666666666667,9.804788903236389,7.599018765211107,7.425108763206961,731.8754719848633,1302.557,285.1189050064087,933.4445000000001,2024-01-12 15:00:00,15,20.101388888888888
10553534626,2024-01-13 16:53:32,179.0,8.574990272521973,0.0012415804667398,81.17565155029297,160.1666717529297,5.003107520198882,40.81666666666667,9.247750140666962,7.3570264022350305,5.0530763843031385,203.38098499679566,698.8530000000001,285.1189050064087,406.51590500640873,2024-01-13 17:00:00,17,26.088055555555556
10579629855,2024-01-17 18:16:15,150.0,49.427696228027344,-1.051463961601257,80.12663269042969,143.19924926757812,2.150403977625855,18.366666666666667,13.98444898748398,7.027346688270569,2.5159105641120263,340.9380839996338,1689.7150000000001,265.4329050064087,523.6476200256348,2024-01-17 18:00:00,18,97.37861111111111
10604987279,2024-01-19 14:10:07,141.0,0.0,0.0,82.7735824584961,113.1481475830078,0.10565568676196396,0.9,7.979989480733872,7.107031770467758,0.1057799856732394,0.0,0.0,0.0,0.0,2024-01-19 14:00:00,14,43.897777777777776
10590519869,2024-01-19 14:13:40,,7.342845916748047,0.163383275270462,,,2.697327532628962,23.916666666666668,10.442354895591736,6.774306138277054,2.7249222513012743,65.0191183128357,41.72414847946167,236.8881899871826,271.6668100128174,2024-01-19 14:00:00,14,0.059166666666666666
10604987840,2024-01-21 16:14:57,189.0,26.70151901245117,-0.3479094505310058,78.5835952758789,161.7411346435547,4.30080795525171,37.68333333333333,11.925978942871094,6.853560813188553,4.392106838001088,191.9607034225464,777.597,248.0435949935913,384.20509499359133,2024-01-21 16:00:00,16,50.021388888888886
10617716320,2024-01-23 18:20:29,180.0,14.417350769042969,-0.124401070177555,79.1488037109375,159.2944793701172,6.090739589807335,46.15,11.218519500732423,7.922800779342651,6.1906154103868865,269.1690626525879,741.5060000000001,248.0435949935913,389.1265949935913,2024-01-23 18:00:00,18,50.09222222222222
10624281335,2024-01-24 18:43:46,178.0,17.003257751464844,0.0111530376598238,80.11071014404297,155.471923828125,5.015537600994406,42.28333333333333,10.85403759765625,7.115326844215393,5.148601373135488,282.2644259948731,751.349,248.0435949935913,388.14231001281735,2024-01-24 19:00:00,19,24.388055555555557
10630686189,2024-01-25 17:46:03,174.0,11.193028450012209,-0.1553531140089035,80.29523468017578,148.83261108398438,4.679925419515227,34.43333333333333,13.753071204185487,8.154579636096955,4.6901802361715355,125.36729486465454,282.166,165.03429749679566,267.4015,2024-01-25 18:00:00,18,23.038055555555555
10635989992,2024-01-26 15:02:17,185.0,49.85030364990234,-0.3881516456604004,81.06151580810547,161.27833557128906,7.010565568676196,56.266666666666666,14.01259879732132,7.477152168989182,7.365382467759478,697.9436859893799,1194.284,312.3511899871827,936.0692599487305,2024-01-26 15:00:00,15,21.270555555555557
10658761709,2024-01-30 01:25:25,180.0,33.81318664550781,0.0061952187679708,79.28718566894531,158.54576110839844,5.015537600994406,38.75,10.840492835044861,7.765266912698747,5.128775758429149,252.3471790008545,492.15000000000003,248.0435949935913,389.4546899871827,2024-01-30 01:00:00,1,82.38555555555556
10678177716,2024-02-01 18:04:53,179.0,19.02335548400879,0.2692815959453583,80.92826080322266,155.71722412109375,4.2200124300807955,35.0,9.44461427307129,7.2392089412212375,4.26643890323959,119.29716200256348,429.81100000000004,165.03429749679566,269.04200000000003,2024-02-01 18:00:00,18,64.65777777777778
10683849290,2024-02-02 15:21:50,184.0,29.41940689086914,0.0218163058161735,81.42440795898438,161.5418701171875,8.259788688626475,63.15,11.426613689899446,7.847985112905502,8.688875320463021,851.0063711547851,1469.8880000000001,285.1189050064087,940.9907599487306,2024-02-02 15:00:00,15,21.2825
10690727317,2024-02-03 15:20:41,179.0,11.530674934387209,0.2523413598537445,81.5852279663086,154.68795776367188,3.666873834679926,30.016666666666666,9.41779995250702,7.3341556150913245,3.7698571754583594,264.74702701568606,669.3240000000001,224.4204050064087,381.9084050064087,2024-02-03 15:00:00,15,23.980833333333333
10698514742,2024-02-04 16:18:31,178.0,48.06183624267578,-1.1903530359268188,82.15553283691406,158.30482482910156,7.445618396519578,57.65,20.569186583518977,7.752890169858933,8.72399029871038,1211.4247418212892,21480.707000000002,282.82218998718264,1454.7953799743652,2024-02-04 16:00:00,16,24.96388888888889
10712026932,2024-02-06 17:50:05,175.0,18.16680335998535,0.0465173795819282,80.17594909667969,152.4970245361328,5.475450590428838,45.016666666666666,10.712450134277343,7.299784366607667,5.516159105034183,153.27738500213624,728.3820000000001,165.03429749679566,277.9006899871826,2024-02-06 18:00:00,18,49.52611111111111
10719243464,2024-02-07 22:21:14,175.0,48.14839553833008,0.0074449540115892,80.11582946777344,157.74261474609375,5.009322560596644,39.03333333333333,9.50725,7.6978300378322615,5.139403234734307,286.32740200042724,757.9110000000001,248.0435949935913,389.1265949935913,2024-02-07 22:00:00,22,28.519166666666667
10730384570,2024-02-09 16:03:39,183.0,7.551757335662842,-0.0195589177310466,79.84031677246094,164.9690399169922,6.6687383467992545,55.0,9.113372399330139,7.278242135286331,6.717029332077376,236.53276000213623,813.688,170.612,309.7264050064087,2024-02-09 16:00:00,16,41.706944444444446
10735746695,2024-02-10 10:14:46,185.0,2.905548334121704,0.0080931270495057,81.48629760742188,163.61163330078125,6.140459912989435,49.25,12.966244018554688,7.4831096031665805,6.1551271655531385,117.21057847213746,511.836,165.03429749679566,175.2054050064087,2024-02-10 10:00:00,10,18.18527777777778
10758232646,2024-02-13 21:02:44,184.0,46.26398849487305,0.0422592498362064,78.3145751953125,159.4420928955078,7.054070851460534,60.0,11.286885457992554,7.058020807504654,7.240211311373524,432.5217199859619,928.523,248.0435949935913,389.4546899871827,2024-02-13 21:00:00,21,82.79944444444445
10761589855,2024-02-14 09:49:40,174.0,7.911306858062744,0.002053135074675,81.44325256347656,146.24464416503906,3.0267246737103792,26.45,8.299273818731306,6.86549008178711,3.0434430716866068,72.07735354232788,459.34000000000003,236.8881899871826,272.6510949935913,2024-02-14 10:00:00,10,12.782222222222222
10771162711,2024-02-15 21:31:07,177.0,16.454275131225586,-0.1932563334703445,80.10702514648438,158.82177734375,5.015537600994406,40.88333333333333,9.706075765609741,7.361380609273911,5.0742697327532635,233.94702500915528,623.39,248.0435949935913,380.596,2024-02-15 22:00:00,22,35.69083333333334
10776140291,2024-02-16 14:11:14,174.0,3.3544998168945312,0.0030616994481533,80.58126068115234,155.88719177246094,2.026103169670603,17.466666666666665,8.056928383111954,6.971755347251892,2.0389062135837475,56.36132924842835,242.794,236.8881899871826,269.04200000000003,2024-02-16 14:00:00,14,16.66861111111111
10783276696,2024-02-17 13:18:18,190.0,12.150420188903809,-0.0232910215854644,80.18663787841797,159.72283935546875,6.6687383467992545,55.7,11.438546691894532,7.184739219188691,6.816718215894967,395.20567681121827,1003.986,248.0435949935913,407.1720949935913,2024-02-17 13:00:00,13,23.11777777777778
10796373256,2024-02-19 12:24:24,188.0,39.66122817993164,0.0037186034023761,81.60615539550781,160.98802185058594,10.02486016159105,77.96666666666667,9.856221240520478,7.715732207536698,10.22473561800808,625.2515830078125,1479.731,165.03429749679566,392.4075949935913,2024-02-19 12:00:00,12,47.10166666666667
10804838089,2024-02-20 18:22:07,166.0,22.22222137451172,-0.2567481994628906,81.80058288574219,147.54806518554688,4.717215661901802,40.05,14.489377001285554,7.070326082468033,4.707830890207427,54.1000470867157,1007.267,165.03429749679566,269.04200000000003,2024-02-20 18:00:00,18,29.961944444444445
10823732883,2024-02-23 18:03:55,174.0,5.891260623931885,0.0606038756668567,81.55686950683594,155.8437042236328,5.332504661280298,45.0,9.625762939453125,7.108945402860642,5.398197759672156,255.54069200897217,889.1510000000001,285.1189050064087,390.439,2024-02-23 18:00:00,18,71.69666666666667
10829645465,2024-02-24 11:18:42,193.0,37.24482727050781,-0.0170625075697898,83.03575897216797,161.72947692871094,13.107520198881293,113.16666666666667,11.53846304988861,6.951136864900589,13.848353014294593,1508.323901702881,2326.2290000000003,288.3999050064087,951.8181200256348,2024-02-24 11:00:00,11,17.24638888888889
10851706740,2024-02-27 17:49:09,190.0,33.10688018798828,0.285180926322937,80.96082305908203,169.2940216064453,4.505904288377875,31.516666666666666,13.314628582477571,8.586661083459857,4.647110127602549,277.9034435119629,397.00100000000003,248.0435949935913,389.4546899871827,2024-02-27 18:00:00,18,78.5075
10870430551,2024-03-01 15:31:51,180.0,11.25912094116211,-0.1274735033512115,81.98956298828125,159.2427215576172,5.021752641392169,38.53333333333333,10.473703692913055,7.817995805263521,5.055251648442355,175.32205432891845,357.629,312.3511899871827,396.34481001281733,2024-03-01 16:00:00,16,69.71166666666667
10876118785,2024-03-02 08:58:37,189.0,6.528408050537109,-0.1368823647499084,83.39883422851562,166.09950256347656,13.119950279676818,97.3,11.556923095703125,8.090069210767746,13.110689626709137,198.2634340324402,1437.078,165.03429749679566,269.04200000000003,2024-03-02 09:00:00,9,17.44611111111111
10893069121,2024-03-04 21:32:12,161.0,20.548036575317383,-0.1725884228944778,79.70154571533203,150.09609985351562,6.00994406463642,50.983333333333334,13.319793469905854,7.076056846141816,6.076942078736794,292.3498613357544,771.0350000000001,248.0435949935913,380.596,2024-03-04 22:00:00,22,60.55972222222222
10900374462,2024-03-05 22:38:20,156.0,6.753568649291992,0.2156480401754379,82.12115478515625,146.06057739257812,2.013673088875078,17.35,7.864301655769348,6.975378875255585,2.056805408541796,110.04474300384521,206.703,298.2429050064087,389.7828100128174,2024-03-05 23:00:00,23,25.102222222222224
10913836038,2024-03-07 18:20:41,197.0,28.985689163208008,0.1815975606441497,82.71098327636719,164.561279296875,6.022374145431945,43.38333333333333,18.09741780948639,8.329030589103699,6.0699811121037905,156.7730848388672,616.828,165.03429749679566,235.57581001281739,2024-03-07 18:00:00,18,43.70583333333333
10925330120,2024-03-08 15:42:05,174.0,6.775070190429688,0.2199950665235519,83.50958251953125,155.74832153320312,4.008701056556868,32.166666666666664,9.721992835044862,7.481420507907868,4.086886143373213,226.50775201416016,452.778,312.3511899871827,396.34481001281733,2024-03-08 16:00:00,16,21.356666666666666
10925332509,2024-03-09 10:12:03,181.0,24.208038330078125,-0.0146927507594227,84.43428802490234,153.4612579345703,13.107520198881293,107.2,9.22464574956894,7.3380138137340545,13.172218526646986,337.82151949310304,1443.64,165.03429749679566,316.2884050064087,2024-03-09 10:00:00,10,18.499444444444446
10954939899,2024-03-13 17:07:37,186.0,6.3193864822387695,0.1445589661598205,82.39954376220703,166.9469757080078,6.016159105034182,44.1,16.054224823474886,8.18764792919159,6.167681668544127,347.70452069854736,521.679,312.3511899871827,396.34481001281733,2024-03-13 17:00:00,17,102.92611111111111
10962004599,2024-03-14 17:46:53,188.0,16.476776123046875,-0.3308925926685333,82.6579818725586,155.69906616210938,3.206960845245494,25.033333333333335,11.916831054687501,7.696709485530854,3.2271597265382224,120.0627295036316,469.183,248.0435949935913,380.596,2024-03-14 18:00:00,18,24.654444444444444
10967868845,2024-03-15 14:42:34,190.0,15.96691608428955,-0.0459735877811908,83.24115753173828,158.7472381591797,13.113735239279057,108.4,9.134417022228241,7.256860440015794,13.415724294981354,900.5919455261231,1292.714,25.919900312900545,151.25409499359128,2024-03-15 15:00:00,15,20.928055555555556
10983360259,2024-03-17 12:39:10,171.0,6.344644069671631,0.0767528116703033,82.5233154296875,154.77247619628906,5.015537600994406,44.78333333333333,10.191675452232362,6.725053037881851,5.102175506914232,288.6660206604004,675.8860000000001,312.3511899871827,407.8283100128173,2024-03-17 13:00:00,13,45.943333333333335
10989719704,2024-03-18 17:06:39,188.0,12.305462837219238,0.0495628118515014,82.3479995727539,152.4730224609375,3.008079552517091,25.016666666666666,9.077763263225556,7.216732294082642,3.104661219604568,216.53506099700928,351.067,224.4204050064087,388.4704050064087,2024-03-18 17:00:00,17,28.458055555555557
10995559515,2024-03-19 11:17:30,187.0,9.140422821044922,0.2227222472429275,80.92955017089844,160.5794677734375,5.413300186451212,45.016666666666666,8.72877815580368,7.2140559821128845,5.536482408522374,351.7278960113525,708.696,312.3511899871827,407.1720949935913,2024-03-19 11:00:00,11,18.180833333333336
11001520907,2024-03-20 08:26:20,198.0,36.16223907470703,-0.0199025552719831,82.26475524902344,174.86782836914062,8.116842759477937,57.733333333333334,12.535610595703126,8.436311871767044,8.562088496348663,828.7091285095216,1233.656,312.3511899871827,940.9907599487306,2024-03-20 08:00:00,8,21.147222222222222
11012727568,2024-03-21 15:22:08,176.0,18.833833694458008,-0.2617715895175934,81.84020233154297,161.68553161621094,4.008701056556868,30.0,11.82925623893738,8.02338594865799,4.031510376204165,140.55804050064089,554.489,247.71550000000002,380.9240949935913,2024-03-21 15:00:00,15,30.93
11038339048,2024-03-25 16:10:18,173.0,8.064420700073242,-0.0536081381142139,80.43231201171875,156.96218872070312,3.0142945929148537,22.933333333333334,14.380116485118867,7.8847910692691805,3.016469857054071,17.65178037548065,511.836,12.139700156450273,28.544699374198913,2024-03-25 16:00:00,16,96.80277777777778
11087486919,2024-04-01 17:01:14,174.0,9.811320304870604,-0.5760184526443481,80.12281036376953,150.17208862304688,2.5233064014916096,21.016666666666666,8.751142801046372,7.20659932255745,2.539403295428061,119.95336450576782,318.257,231.31050000000002,380.9240949935913,2024-04-01 17:00:00,17,168.8488888888889
11095043638,2024-04-02 18:32:42,174.0,11.236013412475586,0.0082027539610862,79.61698150634766,157.74620056152344,5.3014294592914855,45.0,8.72989284133911,7.070344749450684,5.33293983549565,169.63864150619509,787.44,164.3780949935913,278.5569050064087,2024-04-02 19:00:00,19,25.524444444444445
11114916429,2024-04-05 15:06:54,188.0,6.170375823974609,0.1155037879943847,80.35015106201172,146.70249938964844,5.860783095090118,50.0,8.816516174316407,7.036796448230744,5.955127286940647,300.78568501281734,718.539,312.3511899871827,397.00100000000003,2024-04-05 15:00:00,15,68.57000000000001
11122985485,2024-04-06 13:56:57,146.0,47.65235137939453,0.0185365974903106,66.98023986816406,115.9337921142578,4.021131137352393,50.53333333333333,12.806679717540742,4.776260583162308,4.58943437063005,725.8118599700928,836.6550000000001,384.53318998718265,1087.6515,2024-04-06 14:00:00,14,22.83416666666667
11138777663,2024-04-08 17:16:23,187.0,31.42567443847656,-0.0016556564951315,80.46354675292969,157.55682373046875,7.507768800497203,60.15,10.3439404296875,7.487534744739532,7.614543073143257,371.2146409454346,1023.672,312.3511899871827,436.7011200256348,2024-04-08 17:00:00,17,51.32388888888889
11146340422,2024-04-09 17:43:20,199.0,19.10494613647461,0.0301189199090003,80.77587890625,173.31759643554688,5.158483530142947,37.416666666666664,10.65446195268631,8.270852004289628,5.2801119921146675,316.8172569885254,629.952,247.71550000000002,388.4704050064087,2024-04-09 18:00:00,18,24.449166666666667
11157795587,2024-04-10 09:17:14,196.0,7.35576581954956,-0.0837807208299636,82.92330169677734,168.940185546875,7.414543194530764,58.0,11.65237644481659,7.672601877450942,7.424487259167185,166.452938495636,774.316,164.3780949935913,270.0263100128174,2024-04-10 09:00:00,9,15.565
11167554107,2024-04-12 15:13:32,176.0,11.494317054748535,-0.0206671636551618,81.85054016113281,152.84214782714844,4.505904288377875,37.166666666666664,8.614306884765625,7.2806725764274605,4.553324925225295,207.7142570075989,410.125,164.3780949935913,309.7264050064087,2024-04-12 15:00:00,15,53.93833333333333
11184593816,2024-04-14 15:22:37,185.0,7.232579231262207,-0.0726180449128151,82.73258209228516,163.28370666503906,9.154754505904288,72.55,9.484966956138612,7.5721036429405215,9.238036047234308,317.87668816375736,974.457,312.3511899871827,440.31018998718264,2024-04-14 15:00:00,15,48.15138888888889
11199619776,2024-04-16 18:29:58,191.0,14.232105255126951,0.1831168830394745,80.93687438964844,161.70742797851562,4.853946550652579,40.0,9.947077178478242,7.278843745470048,4.929770043505283,241.7116645050049,580.7370000000001,285.1189050064087,383.5489050064087,2024-04-16 18:00:00,18,51.1225
11203294981,2024-04-17 07:45:43,177.0,13.953725814819336,0.0339905656874179,83.25580596923828,158.03363037109375,5.114978247358608,41.63333333333333,10.927766845703125,7.376887538433075,5.144188937228091,149.00661800384523,475.745,164.3780949935913,270.0263100128174,2024-04-17 08:00:00,8,13.2625
11219812145,2024-04-19 14:35:03,191.0,7.806815147399902,0.0161180756986141,81.5712661743164,173.7622528076172,13.107520198881293,105.03333333333333,9.4176826171875,7.487784348964691,13.260099440646364,513.110131011963,1729.087,247.71550000000002,445.88787997436526,2024-04-19 15:00:00,15,54.82222222222222
11242581730,2024-04-22 16:14:20,177.0,6.223268985748291,0.1959924846887588,81.02276611328125,157.33407592773438,3.4866376631448106,30.016666666666666,8.327172424316407,6.971167603969574,3.5493473600644814,192.84897800064087,439.654,312.3511899871827,380.9240949935913,2024-04-22 16:00:00,16,73.65472222222222
11251519181,2024-04-23 16:58:59,180.0,11.217966079711914,-0.1755620241165161,80.75450134277344,162.3691864013672,4.847731510254817,40.333333333333336,8.806327201843262,7.213409571170807,4.871100122844158,181.38617950057983,626.671,164.3780949935913,309.7264050064087,2024-04-23 17:00:00,17,24.74416666666667
11270774456,2024-04-26 12:53:25,182.0,13.10533618927002,0.0679781064391136,80.92862701416016,157.59458923339844,5.0279676817899315,40.766666666666666,9.464759680747987,7.399512988090516,5.091298882749378,201.65572649765014,738.225,284.4626899871826,381.2521899871827,2024-04-26 13:00:00,13,67.90722222222223
11293264448,2024-04-29 10:46:38,193.0,39.23468017578125,0.0035460018552839,82.8309326171875,163.54603576660156,7.010565568676196,56.96666666666667,8.917416015625001,7.3826956367492675,7.171286270587322,402.95444599151614,898.994,254.2775,411.4374050064087,2024-04-29 11:00:00,11,69.88694444444445
11303393217,2024-04-30 18:49:04,186.0,17.874332427978516,0.5026339888572693,84.19380950927734,147.14749145507812,1.2865133623368552,10.316666666666666,13.326937057495117,7.477507375001908,2.112119268081883,608.2262889709472,19.686,325.14709499359134,460.9805,2024-04-30 19:00:00,19,32.04055555555556
11326542689,2024-05-03 18:58:24,177.0,14.379865646362305,-0.210547462105751,80.84210205078125,155.9481658935547,6.376631448104413,54.05,14.35840091753006,7.0765699214935305,6.454257545447484,258.04439699554445,1460.045,264.4485949935913,420.9523100128174,2024-05-03 19:00:00,19,72.15555555555557
11341462170,2024-05-05 11:51:24,184.0,7.501077175140381,0.0184806976467371,82.18083953857422,168.5355224609375,13.113735239279057,102.38333333333334,10.728112266063693,7.68478501701355,13.27172108064015,539.6870019989013,1814.393,247.71550000000002,439.654,2024-05-05 12:00:00,12,40.88333333333333
11357514004,2024-05-07 17:45:35,167.0,6.266489028930664,-0.2005230039358139,80.46031951904297,156.0961456298828,3.001864512119329,25.65,8.889289672851563,7.031288088321686,3.027035425730267,102.7921652469635,383.877,265.4329050064087,379.6116899871827,2024-05-07 18:00:00,18,53.903055555555554
11363162435,2024-05-08 09:19:08,195.0,42.84106063842773,-0.1345116049051284,82.49034118652344,159.0218505859375,7.0229956494717225,58.03333333333333,9.395399573326111,7.2597394220829,7.4129275268023616,742.071724182129,1286.152,312.3511899871827,932.1321200256348,2024-05-08 09:00:00,9,15.559166666666666
11377724137,2024-05-10 07:11:20,179.0,7.716825008392334,0.0,80.50952911376953,154.10922241210938,4.008701056556868,32.35,11.2028957695961,7.441903038978578,4.0863890615289,253.95253401184084,636.514,316.61650000000003,474.10450000000003,2024-05-10 07:00:00,7,45.87
11405603232,2024-05-13 16:31:55,155.0,7.894427299499512,-0.058242842555046,81.11473083496094,146.45228576660156,6.507147296457427,54.916666666666664,8.48013768029213,7.110462228536607,6.5925421942977,303.42063300323485,600.423,264.4485949935913,406.51590500640873,2024-05-13 17:00:00,17,81.34305555555555
11434693108,2024-05-17 14:19:23,187.0,7.874146938323975,0.0755323097109794,81.52079010009766,165.67066955566406,5.593536357986327,45.85,10.7196865234375,7.320681787014007,5.679179493279988,281.07117351531986,774.316,312.3511899871827,397.00100000000003,2024-05-17 14:00:00,14,93.7911111111111
11449670084,2024-05-19 09:21:26,187.0,13.592168807983398,0.0136456955224275,82.82644653320312,163.59584045410156,5.009322560596644,38.516666666666666,9.704079998493196,7.8030259518623355,5.098819142324426,261.8277150115967,800.5640000000001,247.71550000000002,380.9240949935913,2024-05-19 09:00:00,9,43.034166666666664
11460068559,2024-05-20 18:21:59,164.0,13.620119094848633,-0.1024878993630409,81.7919921875,155.14881896972656,5.090118085767557,38.916666666666664,13.40920511674881,7.852099849224091,5.13834655647918,182.09550000000002,567.613,247.71550000000002,380.9240949935913,2024-05-20 18:00:00,18,33.00916666666667
11483230548,2024-05-23 16:57:29,214.0,35.63220977783203,-0.2468559890985489,81.79961395263672,170.90467834472656,5.009322560596644,34.96666666666667,14.969312592029572,8.59547509932518,5.058918461583282,170.72709733581544,541.365,239.1849050064087,380.9240949935913,2024-05-23 17:00:00,17,70.59166666666667
11489776924,2024-05-24 15:35:20,189.0,45.78629302978516,-0.0124051002785563,81.54862213134766,161.24346923828125,6.00994406463642,47.81666666666667,10.766186510562898,7.542518608808518,6.201553638711933,449.8422920074463,662.7620000000001,26.248,151.91029749679566,2024-05-24 16:00:00,16,22.63083333333333
11497423725,2024-05-25 14:33:16,180.0,48.66408157348633,0.0299767684191465,81.9921875,153.8302764892578,7.464263517712865,60.0,10.397571204185486,7.462445253372192,7.965071351577067,829.138778503418,1227.094,312.3511899871827,938.0378799743653,2024-05-25 15:00:00,15,22.965555555555557
11529479361,2024-05-29 18:02:42,179.0,6.49614143371582,0.0989029556512832,80.72259521484375,163.50332641601562,5.5873213175885645,45.0,9.432610869884492,7.455605670928955,5.672591793233376,276.63476948547367,587.299,284.4626899871826,396.0166899871827,2024-05-29 18:00:00,18,99.49055555555556
11552607254,2024-06-01 18:00:46,174.0,6.942778587341309,-0.319576233625412,79.65938568115234,158.1634063720703,3.107520198881293,23.066666666666666,13.729614807128907,8.092363649606705,3.1297080144888128,97.80660824775696,3691.125,233.60718998718264,371.7373100128174,2024-06-01 18:00:00,18,71.96777777777778
11567941974,2024-06-03 17:20:06,179.0,6.691785335540772,0.1696514934301376,80.54285430908203,156.02059936523438,6.041019266625233,50.25,9.14436812400818,7.21613921737671,6.141578498873524,309.8451319885254,718.539,312.3511899871827,396.6729050064087,2024-06-03 17:00:00,17,47.32222222222222
11576293599,2024-06-04 18:13:08,193.0,12.738794326782228,-0.1978915482759475,80.6065673828125,175.09658813476562,4.145431945307645,32.31666666666667,10.22306051683426,7.695464664459229,4.169297639741299,149.17886349487307,570.894,247.71550000000002,380.9240949935913,2024-06-04 18:00:00,18,24.88388888888889
11599103223,2024-06-07 15:01:17,184.0,12.21113395690918,0.1500660330057144,81.81317901611328,162.9993438720703,6.208825357364823,50.983333333333334,8.970337444782258,7.309629333257676,6.332255816889372,391.35885250091553,790.721,284.4626899871826,406.844,2024-06-07 15:00:00,15,68.80250000000001
11607294164,2024-06-08 15:44:05,164.0,9.842534065246582,0.0183735713362693,82.65479278564453,141.30311584472656,3.0391547545059043,23.05,15.949730254650117,7.9230562503337865,3.0745182736754195,80.86024650192262,433.09200000000004,321.86609499359133,380.9240949935913,2024-06-08 16:00:00,16,24.713333333333335
11623212638,2024-06-10 16:19:59,178.0,8.688090324401855,0.0154376970604062,81.37902069091797,155.61865234375,7.246737103791175,59.15,8.804130364656448,7.3493676059246065,7.2843380981976384,216.6116089859009,718.539,164.70620250320437,309.7264050064087,2024-06-10 16:00:00,16,48.598333333333336
11630679992,2024-06-11 15:06:05,187.0,13.587491035461426,-0.0943623185157775,82.84687805175781,151.47811889648438,1.3175885643256682,10.65,9.417760485172272,7.419873866081238,1.4208825053896053,160.28466750717163,226.389,294.30568998718263,461.3086200256348,2024-06-11 15:00:00,15,22.768333333333334
11635403736,2024-06-12 05:10:45,182.0,19.71449089050293,0.127753734588623,82.16046905517578,150.52154541015625,8.1727781230578,71.33333333333333,10.079607421875,6.873182478666306,8.596581970556246,871.9871285705567,1181.16,312.3511899871827,927.2106200256349,2024-06-12 05:00:00,5,14.077777777777778
11646562201,2024-06-13 14:21:10,173.0,8.620711326599121,0.2598185539245605,82.03752899169922,152.40695190429688,4.32566811684276,36.7,8.527470214843751,7.077128330945968,4.441578620261032,268.0629967803955,531.522,247.71550000000002,381.9084050064087,2024-06-13 14:00:00,14,33.173611111111114
11714561351,2024-06-22 09:49:37,202.0,23.30603790283203,0.044184572994709,80.90567779541016,164.90025329589844,7.172156619018023,60.0,10.386071276187897,7.172375276565552,7.396705907201678,471.4574114685059,1446.921,256.2460949935913,553.5046899871826,2024-06-22 10:00:00,10,211.47416666666666
11835095870,2024-07-07 19:51:42,189.0,14.891592025756836,0.1732962727546692,79.43331146240234,175.1504364013672,3.008079552517091,22.983333333333334,9.719753863811494,7.863063234806061,3.048415104004817,108.3276824989319,213.26500000000001,252.3089050064087,326.4595,2024-07-07 20:00:00,20,370.03472222222223
11888552284,2024-07-14 10:04:27,195.0,18.59575653076172,0.0085044018924236,80.95187377929688,175.02430725097656,4.381603480422623,32.9,11.829448242187501,7.995144937276841,4.426724734404133,145.66546600341798,328.1,252.96509499359132,326.4595,2024-07-14 10:00:00,10,158.2125
11939322654,2024-07-20 15:39:49,195.0,17.375307083129883,0.0136449849233031,80.37712097167969,178.7708740234375,5.009322560596644,38.36666666666667,10.57841799879074,7.833940608501436,5.050404038319608,161.55644550704957,656.2,240.16918998718262,329.08431001281735,2024-07-20 16:00:00,16,149.58944444444444
11997767331,2024-07-27 15:48:45,176.0,4.987519264221191,0.0015237074112519,81.18856048583984,157.08876037597656,4.077066500932256,29.866666666666667,15.784285320758821,8.192688014507294,4.101740332698881,112.59389366531373,465.90200000000004,230.6543100128174,279.8693100128174,2024-07-27 16:00:00,16,168.14888888888888
12014849756,2024-07-29 17:46:31,188.0,1.3499828577041626,0.0034571872092783,80.54908752441406,165.02525329589844,3.5922933499067744,28.4,9.289134307861328,7.594575489997864,3.5981354271869175,21.588979749679567,629.952,35.43480062580109,57.08939874839783,2024-07-29 18:00:00,18,49.96277777777778
12054119656,2024-08-03 10:06:43,195.0,34.03541564941406,-0.0319922491908073,82.0176773071289,173.719970703125,4.077066500932256,29.3,14.665675452232362,8.352598988056183,4.112492231199503,140.1572900009155,419.968,253.29318998718261,325.47518998718266,2024-08-03 10:00:00,10,112.33666666666667
12062550058,2024-08-04 08:07:08,193.0,7.075187683105469,-0.0055152103304862,81.33006286621094,173.4355010986328,4.505904288377875,34.2,11.0604794921875,7.906541304111481,4.546177628767868,150.40104050064087,419.968,252.3089050064087,326.1314050064087,2024-08-04 08:00:00,8,22.006944444444443
12114157096,2024-08-10 11:34:55,192.0,23.263532638549805,-0.0123449554666876,80.83717346191406,171.3619842529297,4.027346177750156,32.0,11.359037079334259,7.550317674160004,4.065506465098664,139.18001399230957,360.91,253.29318998718261,326.1314050064087,2024-08-10 12:00:00,12,147.46305555555554
12231940270,2024-08-24 09:04:52,149.0,13.30125331878662,0.0686906650662422,80.10713958740234,137.11172485351562,4.704785581106277,36.516666666666666,12.27824090576172,7.7291052339077,4.832629083475761,321.1606920089722,629.952,230.6543100128174,450.80937997436524,2024-08-24 09:00:00,9,333.49916666666667
12290880042,2024-08-31 08:09:18,199.0,12.242329597473145,-0.0036281750071793,81.18511962890625,180.4964141845703,5.133623368551896,39.5,11.371417022228242,7.804600378513337,5.212305537212555,240.16918998718262,587.299,240.16918998718262,390.1109050064087,2024-08-31 08:00:00,8,167.0738888888889
12311934625,2024-09-02 19:36:34,188.0,6.598646640777588,-0.0037879575975239,79.42483520507812,169.1686248779297,3.281541330018645,25.6,10.510150176525116,7.689527497291564,3.2999379102897763,68.11356075096131,314.976,240.16918998718262,274.61968998718265,2024-09-02 20:00:00,20,59.45444444444445
12320286854,2024-09-03 17:36:43,189.0,32.86415100097656,0.009644622914493,79.98523712158203,170.9001007080078,4.505904288377875,35.0,9.809266845703126,7.731423673152924,4.557799875699192,149.1542569961548,410.125,252.3089050064087,325.47518998718266,2024-09-03 18:00:00,18,22.0025
12352153137,2024-09-07 09:56:35,192.0,30.5780086517334,-0.000774034531787,81.23665618896484,171.75759887695312,8.029832193909261,66.33333333333333,12.395798095703126,7.2614370508193975,8.355375888556557,579.9267628173828,1843.922,253.29318998718261,548.2551200256348,2024-09-07 10:00:00,10,88.33111111111111
12366955427,2024-09-09 07:56:22,196.0,7.743643283843994,-0.0173099730163812,81.17022705078125,172.25657653808594,4.307022995649471,33.56666666666667,10.187306311607362,7.7000114080905915,4.342573148112182,144.78779249572756,406.844,252.3089050064087,325.80331001281735,2024-09-09 08:00:00,8,45.99638888888889
12378529759,2024-09-10 13:06:16,191.0,19.195161819458008,-0.0069680637679994,81.7068862915039,173.03602600097656,8.023617153511498,62.63333333333333,10.6891025390625,7.6884645459651955,8.160472464457738,459.49309597778324,994.143,230.6543100128174,498.71200000000005,2024-09-10 13:00:00,13,29.165
